iso_code,country,year,co2,co2_growth_prct,co2_growth_abs,consumption_co2,trade_co2,trade_co2_share,co2_per_capita,consumption_co2_per_capita,share_global_co2,cumulative_co2,share_global_cumulative_co2,co2_per_gdp,consumption_co2_per_gdp,co2_per_unit_energy,cement_co2,coal_co2,flaring_co2,gas_co2,oil_co2,cement_co2_per_capita,coal_co2_per_capita,flaring_co2_per_capita,gas_co2_per_capita,oil_co2_per_capita,total_ghg,ghg_per_capita,methane,methane_per_capita,nitrous_oxide,nitrous_oxide_per_capita,primary_energy_consumption,energy_per_capita,energy_per_gdp,population,gdp
,North America,1751,0,,,,,,,,0,0,0,,,,,,,,,,,,,,,,,,,,,,,,
,North America,1752,0,,0,,,,,,0,0,0,,,,,,,,,,,,,,,,,,,,,,,,
,North America,1753,0,,0,,,,,,0,0,0,,,,,,,,,,,,,,,,,,,,,,,,
,North America,1754,0,,0,,,,,,0,0,0,,,,,,,,,,,,,,,,,,,,,,,,
,North America,1755,0,,0,,,,,,0,0,0,,,,,,,,,,,,,,,,,,,,,,,,
,North America,1756,0,,0,,,,,,0,0,0,,,,,,,,,,,,,,,,,,,,,,,,
,North America,1757,0,,0,,,,,,0,0,0,,,,,,,,,,,,,,,,,,,,,,,,
,North America,1758,0,,0,,,,,,0,0,0,,,,,,,,,,,,,,,,,,,,,,,,
,North America,1759,0,,0,,,,,,0,0,0,,,,,,,,,,,,,,,,,,,,,,,,
,North America,1760,0,,0,,,,,,0,0,0,,,,,,,,,,,,,,,,,,,,,,,4168374,
,North America,1761,0,,0,,,,,,0,0,0,,,,,,,,,,,,,,,,,,,,,,,,
,North America,1762,0,,0,,,,,,0,0,0,,,,,,,,,,,,,,,,,,,,,,,,
,North America,1763,0,,0,,,,,,0,0,0,,,,,,,,,,,,,,,,,,,,,,,,
,North America,1764,0,,0,,,,,,0,0,0,,,,,,,,,,,,,,,,,,,,,,,,
,North America,1765,0,,0,,,,,,0,0,0,,,,,,,,,,,,,,,,,,,,,,,,
,North America,1766,0,,0,,,,,,0,0,0,,,,,,,,,,,,,,,,,,,,,,,,
,North America,1767,0,,0,,,,,,0,0,0,,,,,,,,,,,,,,,,,,,,,,,,
,North America,1768,0,,0,,,,,,0,0,0,,,,,,,,,,,,,,,,,,,,,,,,
,North America,1769,0,,0,,,,,,0,0,0,,,,,,,,,,,,,,,,,,,,,,,,
,North America,1770,0,,0,,,,,,0,0,0,,,,,,,,,,,,,,,,,,,,,,,4697496,
,North America,1771,0,,0,,,,,,0,0,0,,,,,,,,,,,,,,,,,,,,,,,,
,North America,1772,0,,0,,,,,,0,0,0,,,,,,,,,,,,,,,,,,,,,,,,
,North America,1773,0,,0,,,,,,0,0,0,,,,,,,,,,,,,,,,,,,,,,,,
,North America,1774,0,,0,,,,,,0,0,0,,,,,,,,,,,,,,,,,,,,,,,,
,North America,1775,0,,0,,,,,,0,0,0,,,,,,,,,,,,,,,,,,,,,,,,
,North America,1776,0,,0,,,,,,0,0,0,,,,,,,,,,,,,,,,,,,,,,,,
,North America,1777,0,,0,,,,,,0,0,0,,,,,,,,,,,,,,,,,,,,,,,,
,North America,1778,0,,0,,,,,,0,0,0,,,,,,,,,,,,,,,,,,,,,,,,
,North America,1779,0,,0,,,,,,0,0,0,,,,,,,,,,,,,,,,,,,,,,,,
,North America,1780,0,,0,,,,,,0,0,0,,,,,,,,,,,,,,,,,,,,,,,5243777,
,North America,1781,0,,0,,,,,,0,0,0,,,,,,,,,,,,,,,,,,,,,,,,
,North America,1782,0,,0,,,,,,0,0,0,,,,,,,,,,,,,,,,,,,,,,,,
,North America,1783,0,,0,,,,,,0,0,0,,,,,,,,,,,,,,,,,,,,,,,,
,North America,1784,0,,0,,,,,,0,0,0,,,,,,,,,,,,,,,,,,,,,,,,
,North America,1785,0.004,,0.004,,,,,,0.022,0.004,0,,,,,,,,,,,,,,,,,,,,,,,,
,North America,1786,0.004,0,0,,,,,,0.019,0.007,0,,,,,,,,,,,,,,,,,,,,,,,,
,North America,1787,0.004,0,0,,,,,,0.019,0.011,0,,,,,,,,,,,,,,,,,,,,,,,,
,North America,1788,0.004,0,0,,,,,,0.019,0.015,0,,,,,,,,,,,,,,,,,,,,,,,,
,North America,1789,0.004,0,0,,,,,,0.019,0.018,0,,,,,,,,,,,,,,,,,,,,,,,,
,North America,1790,0.004,0,0,,,,,,0.019,0.022,0,,,,,,,,,,,,,,,,,,,,,,,5810639,
,North America,1791,0.004,0,0,,,,,,0.017,0.026,0,,,,,,,,,,,,,,,,,,,,,,,,
,North America,1792,0.004,0,0,,,,,,0.017,0.029,0,,,,,,,,,,,,,,,,,,,,,,,,
,North America,1793,0.004,0,0,,,,,,0.017,0.033,0,,,,,,,,,,,,,,,,,,,,,,,,
,North America,1794,0.004,0,0,,,,,,0.017,0.037,0,,,,,,,,,,,,,,,,,,,,,,,,
,North America,1795,0.004,0,0,,,,,,0.017,0.04,0,,,,,,,,,,,,,,,,,,,,,,,,
,North America,1796,0.004,0,0,,,,,,0.016,0.044,0,,,,,,,,,,,,,,,,,,,,,,,,
,North America,1797,0.004,0,0,,,,,,0.015,0.048,0,,,,,,,,,,,,,,,,,,,,,,,,
,North America,1798,0.004,0,0,,,,,,0.015,0.051,0,,,,,,,,,,,,,,,,,,,,,,,,
,North America,1799,0.004,0,0,,,,,,0.014,0.055,0,,,,,,,,,,,,,,,,,,,,,,,,
,North America,1800,0.256,6900,0.253,,,,0,,0.913,0.311,0,,,,,,,,,,,,,,,,,,,,,,,7331462,
,North America,1801,0.271,5.714,0.015,,,,0,,0.97,0.583,0,,,,,,,,,,,,,,,,,,,,,,,,
,North America,1802,0.293,8.108,0.022,,,,0,,0.797,0.876,0,,,,,,,,,,,,,,,,,,,,,,,,
,North America,1803,0.3,2.5,0.007,,,,0,,0.954,1.176,0,,,,,,,,,,,,,,,,,,,,,,,,
,North America,1804,0.337,12.195,0.037,,,,0,,0.982,1.513,0,,,,,,,,,,,,,,,,,,,,,,,,
,North America,1805,0.344,2.174,0.007,,,,0,,1.031,1.858,0,,,,,,,,,,,,,,,,,,,,,,,,
,North America,1806,0.337,-2.128,-0.007,,,,0,,0.962,2.195,0,,,,,,,,,,,,,,,,,,,,,,,,
,North America,1807,0.381,13.043,0.044,,,,0,,1.033,2.576,0,,,,,,,,,,,,,,,,,,,,,,,,
,North America,1808,0.396,3.846,0.015,,,,0,,1.129,2.972,0,,,,,,,,,,,,,,,,,,,,,,,,
,North America,1809,0.407,2.778,0.011,,,,0,,1.159,3.378,0,,,,,,,,,,,,,,,,,,,,,,,,
,North America,1810,0.421,3.604,0.015,,,,0,,1.127,3.8,0,,,,,,,,,,,,,,,,,,,,,,,9368779,
,North America,1811,0.451,6.957,0.029,,,,0,,1.139,4.25,0,,,,,,,,,,,,,,,,,,,,,,,,
,North America,1812,0.487,8.13,0.037,,,,0,,1.188,4.738,0,,,,,,,,,,,,,,,,,,,,,,,,
,North America,1813,0.524,7.519,0.037,,,,0,,1.271,5.262,0,,,,,,,,,,,,,,,,,,,,,,,,
,North America,1814,0.564,7.692,0.04,,,,0,,1.339,5.826,0,,,,,,,,,,,,,,,,,,,,,,,,
,North America,1815,0.605,7.143,0.04,,,,0,,1.39,6.43,0,,,,,,,,,,,,,,,,,,,,,,,,
,North America,1816,0.667,10.303,0.062,,,,0,,1.399,7.097,0,,,,,,,,,,,,,,,,,,,,,,,,
,North America,1817,0.722,8.242,0.055,,,,0,,1.46,7.819,0,,,,,,,,,,,,,,,,,,,,,,,,
,North America,1818,0.784,8.629,0.062,,,,0,,1.579,8.603,0,,,,,,,,,,,,,,,,,,,,,,,,
,North America,1819,0.766,-2.336,-0.018,,,,0,,1.533,9.369,0,,,,,,,,,,,,,,,,,,,,,,,,
,North America,1820,0.795,3.828,0.029,,,,0,,1.569,10.164,0,0,,,,,,,,,,,,,,,,,,,,,,12014252,
,North America,1821,0.832,4.608,0.037,,,,0,,1.617,10.996,0,0,,,,,,,,,,,,,,,,,,,,,,,
,North America,1822,0.868,4.405,0.037,,,,0,,1.624,11.864,0,0,,,,,,,,,,,,,,,,,,,,,,,
,North America,1823,0.905,4.219,0.037,,,,0,,1.6,12.769,0,0,,,,,,,,,,,,,,,,,,,,,,,
,North America,1824,1.019,12.551,0.114,,,,0,,1.74,13.788,0,0,,,,,,,,,,,,,,,,,,,,,,,
,North America,1825,1.14,11.871,0.121,,,,0,,1.876,14.927,0,0,,,,,,,,,,,,,,,,,,,,,,,
,North America,1826,1.319,15.756,0.18,,,,0,,2.148,16.246,0,0,,,,,,,,,,,,,,,,,,,,,,,
,North America,1827,1.451,10,0.132,,,,0,,2.201,17.697,0,0,,,,,,,,,,,,,,,,,,,,,,,
,North America,1828,1.598,10.101,0.147,,,,0,,2.397,19.295,0,0,,,,,,,,,,,,,,,,,,,,,,,
,North America,1829,1.799,12.615,0.202,,,,0,,2.71,21.094,0,0,,,,,,,,,,,,,,,,,,,,,,,
,North America,1830,2.092,16.293,0.293,,,,0,,2.347,23.186,0,0,,,,,,,,,,,,,,,,,,,,,,15525576,
,North America,1831,2.268,8.406,0.176,,,,0,,2.683,25.454,0,0,,,,,,,,,,,,,,,,,,,,,,,
,North America,1832,3.026,33.441,0.758,,,,0,,3.556,28.48,0,0,,,,,,,,,,,,,,,,,,,,,,,
,North America,1833,3.532,16.707,0.506,,,,0,,4.069,32.012,0,0,,,,,,,,,,,,,,,,,,,,,,,
,North America,1834,3.386,-4.149,-0.147,,,,0,,3.826,35.398,0,0,,,,,,,,,,,,,,,,,,,,,,,
,North America,1835,4.32,27.597,0.934,,,,0,,4.776,39.718,0,0,,,,,,,,,,,,,,,,,,,,,,,
,North America,1836,4.734,9.584,0.414,,,,0,,4.518,44.452,0,0,,,,,,,,,,,,,,,,,,,,,,,
,North America,1837,5.309,12.152,0.575,,,,0,,5.071,49.761,0,0,,,,,,,,,,,,,,,,,,,,,,,
,North America,1838,5.034,-5.176,-0.275,,,,0,,4.66,54.795,0,0,,,,,,,,,,,,,,,,,,,,,,,
,North America,1839,5.522,9.68,0.487,,,,0,,4.947,60.317,0,0,,,,,,,,,,,,,,,,,,,,,,,
,North America,1840,5.877,6.437,0.355,,,,0,,4.942,66.194,0,0,,,,,,,,,,,,,,,,,,,,,,20033190,
,North America,1841,6.218,5.798,0.341,,,,0,,5.071,72.412,0,0,,,,,,,,,,,,,,,,,,,,,,,
,North America,1842,6.921,11.314,0.703,,,,0,,5.344,79.333,0,0,,,,,,,,,,,,,,,,,,,,,,,
,North America,1843,7.768,12.229,0.846,,,,0,,5.847,87.101,0,0,,,,,,,,,,,,,,,,,,,,,,,
,North America,1844,9.31,19.858,1.543,,,,0,,6.583,96.411,0,0,,,,,,,,,,,,,,,,,,,,,,,
,North America,1845,11.208,20.386,1.898,,,,0,,7.221,107.619,0,0,,,,,,,,,,,,,,,,,,,,,,,
,North America,1846,12.736,13.632,1.528,,,,0,,8.071,120.355,0,0,,,,,,,,,,,,,,,,,,,,,,,
,North America,1847,15.103,18.585,2.367,,,,0,,8.76,135.458,0,0,,,,,,,,,,,,,,,,,,,,,,,
,North America,1848,16.825,11.402,1.722,,,,0,,9.68,152.283,0,0,,,,,,,,,,,,,,,,,,,,,,,
,North America,1849,18.269,8.58,1.444,,,,0,,9.955,170.552,0,0,,,,,,,,,,,,,,,,,,,,,,,
,North America,1850,19.852,8.664,1.583,,,,0,,10.082,190.403,0,0,,,,,,,,,,,,,,,,,,,,,,26214210,
,North America,1851,24.703,24.437,4.851,,,,0,,12.429,215.106,0,0,,,,,,,,,,,,,,,,,,,,,,,
,North America,1852,26.875,8.796,2.173,,,,0,,12.952,241.982,0,0,,,,,,,,,,,,,,,,,,,,,,,
,North America,1853,30.265,12.611,3.389,,,,0,,13.94,272.246,0.001,0,,,,,,,,,,,,,,,,,,,,,,,
,North America,1854,33.284,9.976,3.019,,,,0,,13.052,305.53,0.001,0,,,,,,,,,,,,,,,,,,,,,,,
,North America,1855,38.311,15.103,5.027,,,,0,,14.733,343.841,0.001,0,,,,,,,,,,,,,,,,,,,,,,,
,North America,1856,40.216,4.973,1.905,,,,0,,14.513,384.057,0.001,0,,,,,,,,,,,,,,,,,,,,,,,
,North America,1857,41.271,2.624,1.055,,,,0,,14.757,425.328,0.001,0,,,,,,,,,,,,,,,,,,,,,,,
,North America,1858,41.912,1.554,0.641,,,,0,,14.76,467.241,0.001,0,,,,,,,,,,,,,,,,,,,,,,,
,North America,1859,45.635,8.882,3.723,,,,0,,15.161,512.876,0.001,0,,,,,,,,,,,,,,,,,,,,,,,
,North America,1860,47.819,4.785,2.184,,,,0,,14.459,560.695,0.001,0,,,,,,,,,,,,,,,,,,,,,,35306792,
,North America,1861,46.137,-3.517,-1.682,,,,0,,13.266,606.832,0.001,0,,,,,,,,,,,,,,,,,,,,,,,
,North America,1862,48.009,4.058,1.872,,,,0,,13.558,654.841,0.001,0,,,,,,,,,,,,,,,,,,,,,,,
,North America,1863,55.513,15.63,7.504,,,,0,,14.689,710.354,0.001,0,,,,,,,,,,,,,,,,,,,,,,,
,North America,1864,59.5,7.181,3.986,,,,0,,14.614,769.854,0.001,0,,,,,,,,,,,,,,,,,,,,,,,
,North America,1865,59.84,0.573,0.341,,,,0,,13.84,829.694,0.001,0,,,,,,,,,,,,,,,,,,,,,,,
,North America,1866,60.474,1.059,0.634,,,,0,,13.558,890.169,0.001,0,,,,,,,,,,,,,,,,,,,,,,,
,North America,1867,74.46,23.126,13.985,,,,0,,15.583,964.629,0.001,0,,,,,,,,,,,,,,,,,,,,,,,
,North America,1868,83.297,11.869,8.838,,,,0,,16.973,1047.926,0.001,0,,,,,,,,,,,,,,,,,,,,,,,
,North America,1869,94.381,13.306,11.084,,,,0,,18.111,1142.307,0.001,0,,,,,,,,,,,,,,,,,,,,,,,
,North America,1870,99.844,5.788,5.463,,,,0,,18.749,1242.151,0.001,0,,,,,,,,,,,,,,,,,,,,,,42870504,
,North America,1871,104.801,4.965,4.957,,,,0,,18.511,1346.952,0.001,0,,,,,,,,,,,,,,,,,,,,,,,
,North America,1872,128.152,22.281,23.351,,,,0,,20.459,1475.104,0.001,0,,,,,,,,,,,,,,,,,,,,,,,
,North America,1873,141.115,10.116,12.963,,,,0,,21.207,1616.22,0.001,0,,,,,,,,,,,,,,,,,,,,,,,
,North America,1874,135.92,-3.682,-5.196,,,,0,,21.817,1752.139,0.001,0,,,,,,,,,,,,,,,,,,,,,,,
,North America,1875,137.624,1.254,1.704,,,,0,,20.365,1889.763,0.001,0,,,,,,,,,,,,,,,,,,,,,,,
,North America,1876,134.678,-2.141,-2.946,,,,0,,19.645,2024.441,0.001,0,,,,,,,,,,,,,,,,,,,,,,,
,North America,1877,149.198,10.782,14.52,,,,0,,21.341,2173.639,0.001,0,,,,,,,,,,,,,,,,,,,,,,,
,North America,1878,145.838,-2.252,-3.36,,,,0,,20.699,2319.477,0.001,0,,,,,,,,,,,,,,,,,,,,,,,
,North America,1879,177.653,21.815,31.815,,,,0,,23.529,2497.13,0.001,0,,,,,,,,,,,,,,,,,,,,,,,
,North America,1880,203.916,14.784,26.264,,,,0,,23.881,2701.046,0.001,0,,,,,,,,,,,,,,,,,,,,,,55128252,
,North America,1881,215.784,5.82,11.868,,,,0,,24.449,2916.83,0.001,0,,,,,,,,,,,,,,,,,,,,,,,
,North America,1882,242.011,12.154,26.227,,,,0,,25.963,3158.841,0.002,0,,,,,,,,,,,,,,,,,,,,,,,
,North America,1883,261.313,7.976,19.302,,,,0,,26.361,3420.153,0.002,0,,,,,,,,,,,,,,,,,,,,,,,
,North America,1884,276.189,5.693,14.876,,,,0,,27.552,3696.342,0.002,0,,,,,,,,,,,,,,,,,,,,,,,
,North America,1885,280.406,1.527,4.217,,,,0,,27.765,3976.748,0.002,0,,,,,,,,,,,,,,,,,,,,,,,
,North America,1886,296.26,5.654,15.854,,,,0,,28.883,4273.008,0.002,0,,,,,,,,,,,,,,,,,,,,,,,
,North America,1887,317.53,7.179,21.27,,,,0,,29.482,4590.538,0.002,0,,,,,,,,,,,,,,,,,,,,,,,
,North America,1888,387.186,21.937,69.656,,,,0,,32.466,4977.724,0.002,0,,,,,,,,,,,,,,,,,,,,,,,
,North America,1889,346.834,-10.422,-40.352,,,,0,,29.093,5324.558,0.002,0,,,,,,,,,,,,,,,,,,,,,,,
,North America,1890,414.16,19.412,67.326,,,,0,,31.887,5738.718,0.002,0,,,,,,,,,,,,,,,,,,,,,,68232184,
,North America,1891,441.886,6.694,27.725,,,,0,,32.508,6180.604,0.002,0,,,,,,,,,,,,,,,,,,,,,,,
,North America,1892,464.918,5.212,23.032,,,,0,,33.922,6645.521,0.002,0,,,,,,,,,,,,,,,,,,,,,,,
,North America,1893,469.479,0.981,4.562,,,,0,,34.67,7115.001,0.002,0,,,,,,,,,,,,,,,,,,,,,,,
,North America,1894,439.768,-6.329,-29.711,,,,0,,31.381,7554.769,0.002,0,,,,,,,,,,,,,,,,,,,,,,,
,North America,1895,493.973,12.326,54.205,,,,0,,33.244,8048.742,0.002,0,,,,,,,,,,,,,,,,,,,,,,,
,North America,1896,496.109,0.432,2.136,,,,0,,32.332,8544.851,0.002,0,,,,,,,,,,,,,,,,,,,,,,,
,North America,1897,515.774,3.964,19.665,,,,0,,32.095,9060.625,0.002,0,,,,,,,,,,,,,,,,,,,,,,,
,North America,1898,561.764,8.917,45.991,,,,0,,33.14,9622.389,0.002,0,,,,,,,,,,,,,,,,,,,,,,,
,North America,1899,645.458,14.898,83.693,,,,0,,34.855,10267.847,0.002,0,,,,,,,,,,,,,,,,,,,,,,,
,North America,1900,684.366,6.028,38.908,,,,0,,35.036,10952.213,0.002,0,,,,,,,,,,,,,,,,,,,,,,81731352,
,North America,1901,746.683,9.106,62.317,,,,0,,37.002,11698.896,0.002,0,,,,,,,,,,,,,,,,,,,,,,,
,North America,1902,791.567,6.011,44.884,,,,0,,38.257,12490.462,0.003,0,,,,,,,,,,,,,,,,,,,,,,,
,North America,1903,923.922,16.721,132.355,,,,0,,40.931,13414.384,0.003,0,,,,,,,,,,,,,,,,,,,,,,,
,North America,1904,915.036,-0.962,-8.885,,,,0,,40.112,14329.42,0.003,0,,,,,,,,,,,,,,,,,,,,,,,
,North America,1905,1021.593,11.645,106.556,,,,0,,42.064,15351.013,0.003,0,,,,,,,,,,,,,,,,,,,,,,,
,North America,1906,1072.647,4.998,51.054,,,,0,,42.05,16423.66,0.003,0,,,,,,,,,,,,,,,,,,,,,,,
,North America,1907,1251.058,16.633,178.411,,,,0,,43.369,17674.718,0.003,0,,,,,,,,,,,,,,,,,,,,,,,
,North America,1908,1102.153,-11.902,-148.905,,,,0,,39.707,18776.871,0.003,0,,,,,,,,,,,,,,,,,,,,,,,
,North America,1909,1212.458,10.008,110.305,,,,0,,42.022,19989.329,0.003,0,,,,,,,,,,,,,,,,,,,,,,,
,North America,1910,1325.071,9.288,112.613,,,,0,,43.789,21314.4,0.003,0,,,,,,,,,,,,,,,,,,,,,,98849040,
,North America,1911,1325.181,0.008,0.11,,,,0,,43.008,22639.581,0.003,0,,,,,,,,,,,,,,,,,,,,,,,
,North America,1912,1417.312,6.952,92.131,,,,0,,43.924,24056.893,0.003,0,,,,,,,,,,,,,,,,,,,,,,,
,North America,1913,1531.361,8.047,114.049,,,,0,,43.861,25588.255,0.003,0,,,,,,,,,,,,,,,,,,,,,,,
,North America,1914,1394.511,-8.937,-136.85,,,,0,,44.018,26982.766,0.003,0,,,,,,,,,,,,,,,,,,,,,,,
,North America,1915,1441.033,3.336,46.522,,,,0,,46.111,28423.799,0.003,0,,,,,,,,,,,,,,,,,,,,,,,
,North America,1916,1610.313,11.747,169.28,,,,0,,47.751,30034.112,0.003,0,,,,,,,,,,,,,,,,,,,,,,,
,North America,1917,1780.371,10.561,170.057,,,,0,,50.459,31814.483,0.003,0,,,,,,,,,,,,,,,,,,,,,,,
,North America,1918,1866.515,4.839,86.144,,,,0,,53.625,33680.998,0.003,0,,,,,,,,,,,,,,,,,,,,,,,
,North America,1919,1594.774,-14.559,-271.741,,,,0,,52.866,35275.772,0.004,0,,,,,,,,,,,,,,,,,,,,,,,
,North America,1920,1897.582,18.987,302.808,,,,0,,54.099,37173.354,0.004,0,,,,,,,,,,,,,,,,,,,,,,114874600,
,North America,1921,1593.745,-16.012,-303.837,,,,0,,51.783,38767.099,0.004,0,,,,,,,,,,,,,,,,,,,,,,,
,North America,1922,1589.069,-0.293,-4.675,,,,0,,49.239,40356.168,0.004,0,,,,,,,,,,,,,,,,,,,,,,,
,North America,1923,2060.238,29.651,471.168,,,,0,,56.264,42416.406,0.004,0,,,,,,,,,,,,,,,,,,,,,,,
,North America,1924,1842.505,-10.568,-217.733,,,,0,,50.159,44258.911,0.004,0,,,,,,,,,,,,,,,,,,,,,,,
,North America,1925,1875.177,1.773,32.672,,,,0,,50.691,46134.087,0.004,0,,,,,,,,,,,,,,,,,,,,,,,
,North America,1926,2019.938,7.72,144.761,,,,0,,55.463,48154.025,0.004,0,,,,,,,,,,,,,,,,,,,,,,,
,North America,1927,1970.734,-2.436,-49.204,,,,0,,49.549,50124.758,0.004,0,,,,,,,,,,,,,,,,,,,,,,,
,North America,1928,1948.889,-1.108,-21.845,,,,0,,48.831,52073.647,0.004,0,,,,,,,,,,,,,,,,,,,,,,,
,North America,1929,2085.124,6.99,136.235,,,,0,,48.596,54158.771,0.004,0,,,,,,,,,,,,,,,,,,,,,,,
,North America,1930,1860.598,-10.768,-224.526,,,,0,,46.92,56019.369,0.004,0,,,,,,,,,,,,,,,,,,,,,,133685208,
,North America,1931,1578.766,-15.147,-281.831,,,,0,,44.562,57598.135,0.004,0,,,,,,,,,,,,,,,,,,,,,,,
,North America,1932,1346.062,-14.74,-232.704,,,,0,,42.113,58944.197,0.004,0,,,,,,,,,,,,,,,,,,,,,,,
,North America,1933,1437.479,6.791,91.417,,,,0,,42.711,60381.676,0.004,0,,,,,,,,,,,,,,,,,,,,,,,
,North America,1934,1537.979,6.991,100.5,,,,0,,42.004,61919.654,0.004,0,,,,,,,,,,,,,,,,,,,,,,,
,North America,1935,1595.577,3.745,57.598,,,,0,,41.481,63515.231,0.004,0,,,,,,,,,,,,,,,,,,,,,,,
,North America,1936,1824.566,14.351,228.989,,,,0,,43.199,65339.797,0.004,0,,,,,,,,,,,,,,,,,,,,,,,
,North America,1937,1915.202,4.968,90.636,,,,0,,42.345,67254.999,0.004,0,,,,,,,,,,,,,,,,,,,,,,,
,North America,1938,1631.572,-14.809,-283.63,,,,0,,38.256,68886.571,0.004,0,,,,,,,,,,,,,,,,,,,,,,,
,North America,1939,1794.994,10.016,163.422,,,,0,,39.861,70681.564,0.004,0,,,,,,,,,,,,,,,,,,,,,,,
,North America,1940,2014.064,12.205,219.071,,,,0,,41.07,72695.629,0.004,0,,,,,,,,,,,,,,,,,,,,,,143859568,
,North America,1941,2191.907,8.83,177.843,,,,0,,43.623,74887.536,0.004,0,,,,,,,,,,,,,,,,,,,,,,,
,North America,1942,2354.721,7.428,162.814,,,,0,,46.721,77242.257,0.004,0,,,,,,,,,,,,,,,,,,,,,,,
,North America,1943,2434.688,3.396,79.967,,,,0,,46.675,79676.945,0.004,0,,,,,,,,,,,,,,,,,,,,,,,
,North America,1944,2611.791,7.274,177.103,,,,0,,50.41,82288.735,0.004,0,,,,,,,,,,,,,,,,,,,,,,,
,North America,1945,2519.638,-3.528,-92.153,,,,0,,58.145,84808.373,0.004,0,,,,,,,,,,,,,,,,,,,,,,,
,North America,1946,2428.213,-3.628,-91.424,,,,0,,51.329,87236.586,0.004,0,,,,,,,,,,,,,,,,,,,,,,,
,North America,1947,2665.901,9.789,237.687,,,,0,,50.909,89902.487,0.004,0,,,,,,,,,,,,,,,,,,,,,,,
,North America,1948,2778.975,4.242,113.075,,,,0,,50.477,92681.463,0.004,0,,,,,,,,,,,,,,,,,,,,,,,
,North America,1949,2348.001,-15.508,-430.974,,,,0,,44.768,95029.464,0.004,0,,,,,,,,,,,,,,,,,,,,,,,
,North America,1950,2731.908,16.35,383.907,,,,0,,47.215,97761.371,0.004,0,,,,,,,,,,,,,,,,,,,,,,172603008,
,North America,1951,2822.881,3.33,90.973,,,,0,,45.337,100584.253,0.004,0,,,,,,,,,,,,,,,,,,,,,,175016992,
,North America,1952,2755.508,-2.387,-67.374,,,,0,,43.666,103339.76,0.004,0,,,,,,,,,,,,,,,,,,,,,,177779008,
,North America,1953,2817.118,2.236,61.61,,,,0,,43.432,106156.878,0.004,0,,,,,,,,,,,,,,,,,,,,,,180812992,
,North America,1954,2696.319,-4.288,-120.798,,,,0,,40.673,108853.197,0.004,0,,,,,,,,,,,,,,,,,,,,,,184052000,
,North America,1955,2946.684,9.285,250.365,,,,0,,40.598,111799.881,0.004,0,,,,,,,,,,,,,,,,,,,,,,187430000,
,North America,1956,3100.411,5.217,153.727,,,,0,,40.134,114900.292,0.004,0,,,,,,,,,,,,,,,,,,,,,,190892992,
,North America,1957,3084.868,-0.501,-15.543,,,,0,,38.731,117985.16,0.004,0,,,,,,,,,,,,,,,,,,,,,,194388000,
,North America,1958,3006.697,-2.534,-78.171,,,,0,,36.598,120991.857,0.004,0,,,,,,,,,,,,,,,,,,,,,,197870000,
,North America,1959,3106.155,3.308,99.458,,,,0,,34.554,124098.012,0.004,0,,,,,,,,,,,,,,,,,,,,,,201300992,
,North America,1960,3179.806,2.371,73.651,,,,0,,33.79,127277.817,0.004,0,,0.242,,,,,,,,,,,,,,,,,,,,204648992,
,North America,1961,3175.035,-0.15,-4.771,,,,0,,33.591,130452.852,0.004,0,,0.239,,,,,,,,,,,,,,,,,,,,207887008,
,North America,1962,3299.671,3.926,124.637,,,,0,,33.539,133752.523,0.004,0,,0.238,,,,,,,,,,,,,,,,,,,,210996000,
,North America,1963,3431.66,4,131.989,,,,0,,33.063,137184.184,0.004,0,,0.235,,,,,,,,,,,,,,,,,,,,213963008,
,North America,1964,3609.687,5.188,178.026,,,,0,,32.907,140793.87,0.004,0,,0.238,,,,,,,,,,,,,,,,,,,,216783008,
,North America,1965,3760.302,4.173,150.616,,,,0,,32.795,144554.173,0.004,0,,0.232,,,,,,,,,,,,,,,,,,,,219454000,
,North America,1966,3944.265,4.892,183.963,,,,0,,32.745,148498.438,0.004,0,,0.23,,,,,,,,,,,,,,,,,,,,221966000,
,North America,1967,4115.022,4.329,170.756,,,,0,,33.103,152613.459,0.004,0,,0.232,,,,,,,,,,,,,,,,,,,,224327008,
,North America,1968,4276.994,3.936,161.972,,,,0,,32.74,156890.453,0.004,0,,0.227,,,,,,,,,,,,,,,,,,,,226580992,
,North America,1969,4488.301,4.941,211.307,,,,0,,32.415,161378.754,0.004,0,,0.226,,,,,,,,,,,,,,,,,,,,228787008,
,North America,1970,4848.485,8.025,360.184,,,,0,,32.659,166227.239,0.004,0,,0.235,,,,,,,,,,,,,,,,,,,,230992000,
,North America,1971,4902.183,1.108,53.698,,,,0,,31.812,171129.422,0.004,0,,0.23,,,,,,,,,,,,,,,,,,,,233214000,
,North America,1972,5147.829,5.011,245.647,,,,0,,32.126,176277.251,0.004,0,,0.229,,,,,,,,,,,,,,,,,,,,235450000,
,North America,1973,5374.816,4.409,226.987,,,,0,,31.816,181652.067,0.004,0,,0.229,,,,,,,,,,,,,,,,,,,,237703008,
,North America,1974,5223.487,-2.816,-151.33,,,,0,,30.865,186875.554,0.004,0,,0.226,,,,,,,,,,,,,,,,,,,,239971008,
,North America,1975,5050.794,-3.306,-172.693,,,,0,,30.018,191926.348,0.004,0,,0.223,,,,,,,,,,,,,,,,,,,,242251008,
,North America,1976,5294.238,4.82,243.444,,,,0,,29.741,197220.585,0.004,0,,0.222,,,,,,,,,,,,,,,,,,,,244552992,
,North America,1977,5437.064,2.698,142.826,,,,0,,29.621,202657.65,0.004,0,,0.221,,,,,,,,,,,,,,,,,,,,246882000,
,North America,1978,5618.894,3.344,181.83,,,,0,,30.271,208276.544,0.004,0,,0.227,,,,,,,,,,,,,,,,,,,,249238000,
,North America,1979,5678.118,1.054,59.224,,,,0,,28.979,213954.662,0.004,0,,0.226,,,,,,,,,,,,,,,,,,,,251614000,
,North America,1980,5529.78,-2.612,-148.338,,,,0,,28.522,219484.442,0.004,0,,0.226,,,,,,,,,,,,,,,,,,,,254007008,
,North America,1981,5340.007,-3.432,-189.774,,,,0,,28.424,224824.449,0.004,0,,0.223,,,,,,,,,,,,,,,,,,,,256419008,
,North America,1982,5118.835,-4.142,-221.172,,,,0,,27.485,229943.284,0.004,0,,0.221,,,,,,,,,,,,,,,,,,,,258854000,
,North America,1983,5110.573,-0.161,-8.262,,,,0,,27.551,235053.856,0.004,0,,0.222,,,,,,,,,,,,,,,,,,,,261318000,
,North America,1984,5268.494,3.09,157.921,,,,0,,27.416,240322.351,0.004,0,,0.217,,,,,,,,,,,,,,,,,,,,263819008,
,North America,1985,5297.347,0.548,28.853,,,,0,,26.764,245619.697,0.004,0,,0.218,,,,,,,,,,,,,,,,,,,,266363008,
,North America,1986,5278.135,-0.363,-19.212,,,,0,,25.878,250897.832,0.004,0,,0.216,,,,,,,,,,,,,,,,,,,,268959008,
,North America,1987,5514.884,4.485,236.75,,,,0,,26.371,256412.716,0.003,0,,0.218,,,,,,,,,,,,,,,,,,,,271607008,
,North America,1988,5744.424,4.162,229.539,,,,0,,26.495,262157.14,0.003,0,,0.218,,,,,,,,,,,,,,,,,,,,274300000,
,North America,1989,5876.532,2.3,132.108,,,,0,,26.525,268033.672,0.003,0,,0.218,,,,,,,,,,,,,,,,,,,,277028000,
,North America,1990,6005.415,2.193,128.883,,,,0,,27.074,274039.087,0.003,0,,0.222,,,,,,,,,,,,,,,,,,,,279784992,
,North America,1991,5955.593,-0.83,-49.822,,,,0,,26.553,279994.68,0.003,0,,0.22,,,,,,,,,,,,,,,,,,,,282552000,
,North America,1992,6072.274,1.959,116.681,,,,0,,27.359,286066.954,0.003,0,,0.221,,,,,,,,,,,,,,,,,,,,285340000,
,North America,1993,6186.753,1.885,114.479,,,,0,,27.927,292253.707,0.003,0,,0.221,,,,,,,,,,,,,,,,,,,,288204992,
,North America,1994,6313.802,2.054,127.049,,,,0,,28.019,298567.509,0.003,0,,0.22,,,,,,,,,,,,,,,,,,,,291227008,
,North America,1995,6377.098,1.003,63.296,,,,0,,27.718,304944.607,0.003,0,,0.218,,,,,,,,,,,,,,,,,,,,294454016,
,North America,1996,6602.059,3.528,224.961,,,,0,,28.066,311546.665,0.003,0,,0.219,,,,,,,,,,,,,,,,,,,,297919008,
,North America,1997,6717.582,1.75,115.523,,,,0,,28.089,318264.247,0.003,0,,0.22,,,,,,,,,,,,,,,,,,,,301582016,
,North America,1998,6788.682,1.058,71.1,,,,0,,28.304,325052.93,0.003,0,,0.221,,,,,,,,,,,,,,,,,,,,305324000,
,North America,1999,6894.952,1.565,106.27,,,,0,,28.812,331947.882,0.003,0,,0.221,,,,,,,,,,,,,,,,,,,,308977984,
,North America,2000,7104.886,3.045,209.934,,,,0,,28.93,339052.768,0.003,0,,0.222,,,,,,,,,,,,,,,,,,,,312427008,
,North America,2001,7020.709,-1.185,-84.177,,,,0,,27.929,346073.477,0.003,0,,0.224,,,,,,,,,,,,,,,,,,,,315616000,
,North America,2002,7075.438,0.78,54.729,,,,0,,27.753,353148.915,0.003,0,,0.222,,,,,,,,,,,,,,,,,,,,318585984,
,North America,2003,7172.692,1.375,97.253,,,,0,,26.697,360321.607,0.003,0,,0.224,,,,,,,,,,,,,,,,,,,,321432000,
,North America,2004,7287.007,1.594,114.315,,,,0,,25.852,367608.614,0.003,0,,0.222,,,,,,,,,,,,,,,,,,,,324299008,
,North America,2005,7335.558,0.666,48.552,,,,0,,25.075,374944.172,0.003,0,,0.222,,,,,,,,,,,,,,,,,,,,327287008,
,North America,2006,7271.121,-0.878,-64.438,,,,0,,24.008,382215.293,0.003,0,,0.221,,,,,,,,,,,,,,,,,,,,330424992,
,North America,2007,7381.909,1.524,110.788,,,,0,,23.905,389597.202,0.003,0,,0.221,,,,,,,,,,,,,,,,,,,,333668000,
,North America,2008,7175.044,-2.802,-206.865,,,,0,,22.509,396772.246,0.003,0,,0.219,,,,,,,,,,,,,,,,,,,,336952992,
,North America,2009,6689.015,-6.774,-486.029,,,,0,,21.219,403461.261,0.003,0,,0.214,,,,,,,,,,,,,,,,,,,,340182016,
,North America,2010,6902.749,3.195,213.734,,,,0,,20.875,410364.01,0.003,0,,0.213,,,,,,,,,,,,,,,,,,,,343287008,
,North America,2011,6805.618,-1.407,-97.131,,,,0,,19.808,417169.628,0.003,0,,0.21,,,,,,,,,,,,,,,,,,,,346251008,
,North America,2012,6613.497,-2.823,-192.121,,,,0,,18.939,423783.125,0.003,0,,0.208,,,,,,,,,,,,,,,,,,,,349092992,
,North America,2013,6767.698,2.332,154.201,,,,0,,19.222,430550.823,0.003,0,,0.207,,,,,,,,,,,,,,,,,,,,351824000,
,North America,2014,6808.882,0.609,41.184,,,,0,,19.177,437359.705,0.003,0,,0.206,,,,,,,,,,,,,,,,,,,,354464000,
,North America,2015,6662.183,-2.155,-146.699,,,,0,,18.786,444021.887,0.003,0,,0.208,,,,,,,,,,,,,,,,,,,,357031008,
,North America,2016,6535.305,-1.904,-126.878,,,,0,,18.319,450557.192,0.003,0,,0.204,,,,,,,,,,,,,,,,,,,,359524992,
,North America,2017,6513.049,-0.341,-22.256,,,,0,,18.015,457070.241,0.003,,,,,,,,,,,,,,,,,,,,,,,361942016,
,North America,2018,6645.028,2.026,131.98,,,,0,,18.169,463715.269,0.003,,,,,,,,,,,,,,,,,,,,,,,364296000,
